"subj_global","dataset","alpha_hl","beta_hl","T","eps","beta0","beta1","aic","signal_sd","tau_ratio","R_noise","stickiness","valid_mvt"
"1","MPI",1,20,0.0140508405201354,-0.0409654407211414,-2.91551531471988,-71.1701195787514,58.6973300687063,0.0189499404951797,20,0.741471485027064,-2.91551531471988,TRUE
"10","MPI",1,2,0.014570915458565,-0.0289180674733411,-1.98464314445958,-68.6298676870152,70.8883902685937,0.0101944438445881,2,1.42929969311669,-1.98464314445958,TRUE
"100","MPI",10,20,-0.00407873774159902,0.0142416755239142,-3.49168699391074,245.173890392855,49.5068627394706,0.00388632006280014,2,1.04951153679819,-3.49168699391074,FALSE
"101","MPI",1,3,0.0183292664514291,-0.0188659407192385,-1.0292796369801,-54.5575570440808,56.781747027261,0.0138434261562688,3,1.32404119070834,-1.0292796369801,TRUE
"102","MPI",3,4,0.00209982882853418,-0.00232300313890562,-1.10628214421041,-476.229293745847,40.4973587795534,0.00210824315171045,1.33333333333333,0.996008845958094,-1.10628214421041,TRUE
"103","MPI",7,8,0.000651813623662583,-0.00101141721546063,-1.55169695560735,-1534.18088192286,58.09911884594,0.000539260063861397,1.14285714285714,1.2087185151358,-1.55169695560735,TRUE
"104","MPI",7,9,0.000999978702557111,-1.01830067919889e-05,-0.0101832236686134,-1000.02129789648,42.4332478540219,0.000976926097973189,1.28571428571429,1.02359708132657,-0.0101832236686134,TRUE
"105","MPI",6,7,0.00196694365750398,-0.00346397427882794,-1.76109481611877,-508.402971373865,68.7994400572713,0.000909036117300152,1.16666666666667,2.16376843567649,-1.76109481611877,TRUE
"106","MPI",10,12,0.00142085251716685,-0.00205629358878039,-1.44722521439494,-703.802814097822,66.7459151276926,0.000896253744183801,1.2,1.58532394022051,-1.44722521439494,TRUE
"107","MPI",1,2,0.0152976879585486,-0.0247856888843658,-1.62022450395945,-65.369355337202,59.5260985907547,0.0104703648241724,2,1.46104631647902,-1.62022450395945,TRUE
"108","MPI",1,14,0.0247431015980414,-0.020590226827597,-0.832160299144829,-40.4153050917092,63.8308871575214,0.0199228421888808,14,1.24194637308581,-0.832160299144829,TRUE
"109","MPI",2,9,0.00744609445492736,-0.013970202642897,-1.8761785426523,-134.298591839412,59.5787535288605,0.00912985018150318,4.5,0.815576850320385,-1.8761785426523,TRUE
"11","MPI",6,20,0.0097648025626274,-0.0176621257351503,-1.80875400417702,-102.408624607248,72.3372081117251,0.00538043574007339,3.33333333333333,1.81487207251623,-1.80875400417702,TRUE
"110","MPI",1,1,NA,NA,-1.5755363512923,NA,66.1401850686136,0,1,NA,-1.5755363512923,NA
"111","MPI",1,20,0.0249914274707066,-0.040261765228887,-1.61102303084045,-40.0137207517313,52.9867550374055,0.0211360997681308,20,1.18240487814071,-1.61102303084045,TRUE
"112","MPI",1,10,0.024409844845174,-0.0199824402159676,-0.818622172435407,-40.9670772732382,52.7698477117712,0.0207989733447164,10,1.17360816039388,-0.818622172435407,TRUE
"113","MPI",6,7,0.000813819583463023,-0.000237541745013226,-0.291885019530277,-1228.7735762572,52.6442901684123,0.000706517905119093,1.16666666666667,1.15187396889233,-0.291885019530277,TRUE
"114","MPI",2,3,0.00351961574016697,-0.00700018987341823,-1.98890742348088,-284.121925182822,29.4149771510391,0.00420570025277538,1.5,0.836867947934315,-1.98890742348088,TRUE
"115","MPI",6,7,0.000793615311476843,-0.00105718496596451,-1.3321126125921,-1260.05633401792,37.0289711420008,0.000699979515269515,1.16666666666667,1.13376933776594,-1.3321126125921,TRUE
"116","MPI",1,1,NA,NA,-1.49664241828875,NA,80.0316395198818,0,1,NA,-1.49664241828875,NA
"117","MPI",1,1,NA,NA,-1.98591548353235,NA,44.722432598729,0,1,NA,-1.98591548353235,NA
"119","MPI",1,17,0.0035420438253805,-0.00835697495638539,-2.35936520505577,-282.322876084848,24.9486313187963,0.0178508959058276,17,0.198423868699171,-2.35936520505577,TRUE
"12","MPI",4,5,0.000730087837236278,0.00215820535374694,2.95608999859079,-1369.69820478789,25.4213300335733,0.000880995146169911,1.25,0.828708126724992,2.95608999859079,TRUE
"120","MPI",1,2,0.0114528868531103,-0.0268977624176514,-2.34855742160297,-87.3142302744764,45.2839106400823,0.0103003626594758,2,1.11189161311464,-2.34855742160297,TRUE
"121","MPI",1,1,NA,NA,-1.33500106673182,NA,51.1270470480713,0,1,NA,-1.33500106673182,NA
"122","MPI",1,4,0.0191559749073754,-0.0193638526998447,-1.01085185136619,-52.2030335096638,40.6339556121407,0.0167977652407718,4,1.14038829765758,-1.01085185136619,TRUE
"123","MPI",1,2,0.0127306183027467,-0.0304150750661014,-2.38912787602306,-78.5507801914262,78.0880519371536,0.0104280438238073,2,1.22080598411781,-2.38912787602306,TRUE
"124","MPI",10,20,0.00316737794684976,-0.00410472458035091,-1.29593772806097,-315.718558624994,68.7858708203444,0.00229869439757173,2,1.37790301755452,-1.29593772806097,TRUE
"125","MPI",1,2,0.00560316136714966,-0.0168143415057875,-3.00086690423856,-178.470676547497,59.4359296895341,0.00961935640552733,2,0.582488176020805,-3.00086690423856,TRUE
"126","MPI",1,20,0.0137808008020947,-0.0274429158993982,-1.99138760464681,-72.5647235136003,66.7183515664964,0.0195438724674543,20,0.705121302088076,-1.99138760464681,TRUE
"127","MPI",1,2,0.0116516297580102,-0.0157326108415206,-1.35024980781807,-85.82490353442,59.5505838071728,0.0110027756741625,2,1.05897185429049,-1.35024980781807,TRUE
"128","MPI",1,9,0.0162215496366798,0.00107722942411861,0.0664073068384791,-61.646391522227,33.4576552267819,0.0188225847600852,9,0.861813074210663,0.0664073068384791,TRUE
"129","MPI",2,4,0.00702577087185309,-0.0104682133543805,-1.48997363354371,-142.333135856485,49.1894785150295,0.0057418061158843,2,1.22361687769582,-1.48997363354371,TRUE
"13","MPI",3,7,0.00299794443095964,0.0071758318633476,2.39358401351376,-333.561886495641,25.0278775851984,0.00373571066523153,2.33333333333333,0.802509803251541,2.39358401351376,TRUE
"130","MPI",10,20,-0.00297452786710313,0.0124390191426935,-4.18184656471473,336.187806831305,40.7635619433289,0.00343820364009876,2,0.865140107587605,-4.18184656471473,FALSE
"131","Roris_nostd",1,20,0.00808319327521435,-0.0162067151393265,-2.00498919022776,-123.713483762206,29.8233207082862,0.0185581282470138,20,0.435560804819583,-2.00498919022776,TRUE
"132","Roris_nostd",2,3,0.00444370279889072,-0.00982707857404347,-2.21146170632667,-225.037552072481,54.7729056640165,0.00431897250201317,1.5,1.02887962283145,-2.21146170632667,TRUE
"133","Roris_nostd",2,3,0.00363778010691013,-0.0100164205408549,-2.75344310169499,-274.892921125292,42.4225679096962,0.00400822957981032,1.5,0.907577780782275,-2.75344310169499,TRUE
"135","Roris_nostd",1,3,0.00408272785523291,-0.0167722876747505,-4.10810817411039,-244.934278124436,43.4783737234262,0.0135821418711138,3,0.300595288576388,-4.10810817411039,TRUE
"14","MPI",10,15,0.00353463214764601,-0.00600189592175517,-1.69802561371267,-282.914871542143,72.4561839062683,0.00161067332833812,1.5,2.19450591591594,-1.69802561371267,TRUE
"142","Roris_nostd",1,2,0.0114617779208791,-0.0228315654897399,-1.99197416381181,-87.2464993566459,51.2073591034546,0.0110993830306305,2,1.03265000309014,-1.99197416381181,TRUE
"146","Roris_nostd",2,20,0.00706730106329266,0.000570030489753435,0.0806574510762186,-141.496731360996,36.6754842146729,0.0103457350681591,10,0.683112511265011,0.0806574510762186,TRUE
"15","MPI",2,3,0.00319518329063138,-0.00575406124640113,-1.80085482522165,-312.971090870469,55.9954380028021,0.0036882823491722,1.5,0.866306586139889,-1.80085482522165,TRUE
"150","Roris_nostd",1,3,0.00517804373038113,-0.0172557693240072,-3.33248814079388,-193.123127588263,56.6556418185519,0.0141226820573739,3,0.366647334362208,-3.33248814079388,TRUE
"153","Roris_nostd",1,4,0.0107209083095759,-0.0230505973081832,-2.15006011082051,-93.2756788066926,36.8207491515257,0.0144708175669752,4,0.740864036185677,-2.15006011082051,TRUE
"154","Roris_nostd",1,5,0.00432192444310758,-0.0124877119684949,-2.88938692308926,-231.378408661159,24.798222038384,0.0162004897747326,5,0.266777393967951,-2.88938692308926,TRUE
"159","Roris_nostd",1,4,0.00272789120579093,-0.010054041775831,-3.68564617037794,-366.583534518217,18.9732074139396,0.0161540120371109,4,0.168867721500027,-3.68564617037794,TRUE
"16","MPI",1,2,0.0082355414445212,-0.0234888225808501,-2.85212851384244,-121.424924728569,68.0289916036424,0.0100234170167003,2,0.821630131800335,-2.85212851384244,TRUE
"160","Roris_nostd",2,6,0.0035296137589862,-0.00589671218371315,-1.67063950515845,-283.317118609382,37.6130757775173,0.00738392712850882,3,0.478013081326143,-1.67063950515845,TRUE
"161","Roris_nostd",1,9,0.0101694493191077,-0.0119698162352335,-1.17703681483943,-98.3337414466553,34.0181103182508,0.0169371245687816,9,0.600423600700908,-1.17703681483943,TRUE
"162","Roris_nostd",1,2,0.00533305724895647,-0.0149101011456296,-2.79578869110154,-187.509706593844,39.2734506693302,0.010763585011478,2,0.495472209609477,-2.79578869110154,TRUE
"163","Roris_nostd",1,4,0.00736753421853238,-0.0238017106167436,-3.2306209799301,-135.730621716637,38.014160325309,0.0158721855841905,4,0.46417893613031,-3.2306209799301,TRUE
"164","Roris_nostd",1,20,0.0145201895193827,-0.0229794458550095,-1.58258580746034,-68.8696245090408,42.3118014803958,0.0205908485404919,20,0.705176840615809,-1.58258580746034,TRUE
"165","Roris_nostd",1,10,0.00724137378390946,-0.0246754101463324,-3.40755923981743,-138.09534348607,31.3754460330346,0.0187602631542177,10,0.385995320235231,-3.40755923981743,TRUE
"166","Roris_nostd",2,16,0.0188262739483519,-0.0347118815930887,-1.84379987714602,-53.1172553179351,62.6598905989873,0.0122298431850317,8,1.53937165534499,-1.84379987714602,TRUE
"167","Roris_nostd",1,2,0.00552229480473324,-0.0176763607843314,-3.20090857322226,-181.084138996507,38.4956413486344,0.0104842188405459,2,0.526724488368817,-3.20090857322226,TRUE
"168","Roris_nostd",1,4,0.00970210739283113,-0.0236727819078172,-2.43996288118899,-103.070390742005,56.5362514266578,0.0163114729804502,4,0.594802652369863,-2.43996288118899,TRUE
"169","Roris_nostd",2,3,0.00433830382565715,-0.00816932181304481,-1.88306816243036,-230.504833268224,41.5210730400394,0.00398937146263858,1.5,1.08746549833386,-1.88306816243036,TRUE
"17","MPI",1,20,0.0354041020358753,-0.0572427306584393,-1.61683893579435,-28.2453145962208,75.1865178666369,0.0217154903159551,20,1.63036162300525,-1.61683893579435,TRUE
"170","Roris_nostd",2,3,0.00504466396886795,-0.0101804275129553,-2.01805860128278,-198.229258910263,41.6664460049091,0.00415872125529828,1.5,1.21303248262695,-2.01805860128278,TRUE
"172","Roris_nostd",1,13,1.22631864111089e-05,0.00130587021121491,106.487022820754,-81544.8747557261,4.00000014107302,0.0179696064083244,13,0.000682440457094709,106.487022820754,TRUE
"173","Roris_nostd",1,1,NA,NA,-2.03688192672417,NA,39.193224624735,0,1,NA,-2.03688192672417,NA
"174","Roris_nostd",1,1,NA,NA,-3.16124671203157,NA,43.8214009233768,0,1,NA,-3.16124671203157,NA
"175","Roris_nostd",2,3,0.00277713412065549,-0.00661307657970848,-2.38125934592874,-360.083437296852,44.0452427431401,0.00378011976905718,1.5,0.734668288393452,-2.38125934592874,TRUE
"177","Roris_nostd",1,5,0.00718383639406752,-0.0213806460795896,-2.97621561889215,-139.201388387103,48.897972798639,0.0168191396038416,5,0.427122704447181,-2.97621561889215,TRUE
"178","Roris_nostd",2,8,0.00546666459631676,-0.0072137113381775,-1.31958184210493,-182.926898546833,27.545271071117,0.00801085049554253,4,0.682407517074319,-1.31958184210493,TRUE
"18","MPI",1,2,0.00679380503649591,-0.0116715100793208,-1.71796364726721,-147.192919818579,59.6056392855932,0.00918423588176483,2,0.739724580679044,-1.71796364726721,TRUE
"181","Roris_nostd",4,5,0.00150635105015762,-0.00163834105168838,-1.08762233844292,-663.855878678058,30.4184992834715,0.00128421629744917,1.25,1.1729730055207,-1.08762233844292,TRUE
"185","Roris_nostd",10,13,-0.00236743669929351,0.00806372556512202,-3.40609975655459,422.397777435156,47.8478109558558,0.00165781822744127,1.3,1.4280435937464,-3.40609975655459,FALSE
"186","Roris_nostd",1,20,0.00462471238234603,-0.010040343168575,-2.17102001994807,-216.229663020194,30.9893696092395,0.020223726279857,20,0.228677560126607,-2.17102001994807,TRUE
"187","Roris_nostd",1,10,0.0157975562017481,-0.0299091339138236,-1.8932759935688,-63.3009300444422,42.3689483597928,0.0183977545429342,10,0.858667625164901,-1.8932759935688,TRUE
"188","Roris_nostd",1,1,NA,NA,-2.62708113854963,NA,45.948619287349,0,1,NA,-2.62708113854963,NA
"19","MPI",1,8,0.00976492603287048,-0.018622508023911,-1.90708131953322,-102.407329726188,42.3403260290623,0.0179590026868581,8,0.543734315492708,-1.90708131953322,TRUE
"190","Roris_nostd",1,16,0.0141341920792372,-0.0318126600527801,-2.25075900160662,-70.7504181628447,54.7578356494972,0.019178054803856,16,0.736998210913202,-2.25075900160662,TRUE
"191","Roris_nostd",4,7,0.00216568910168734,-0.00236389369936911,-1.09152033758093,-461.746794228624,34.5813136680946,0.00285170952689983,1.75,0.759435377712444,-1.09152033758093,TRUE
"192","Roris_nostd",1,20,0.00704239359316923,-0.0043699253895613,-0.620517063090582,-141.997175643513,21.0228007951714,0.0200384976005916,20,0.351443193673428,-0.620517063090582,TRUE
"197","Roris_nostd",2,3,0.00182005683482436,-0.0050572982524192,-2.77864853209775,-549.433391785538,49.4042962328786,0.00365178280121106,1.5,0.498402269220603,-2.77864853209775,TRUE
"199","Roris_nostd",1,20,0.0145491194358521,-0.0231557938789373,-1.59155981783176,-68.7326820299372,49.5159592697369,0.0197773435874851,20,0.7356457843539,-1.59155981783176,TRUE
"2","MPI",2,4,0.00572689240098432,-0.00592778059393637,-1.03507804562864,-174.614770102564,30.7078766151357,0.00578183283702807,2,0.990497747411185,-1.03507804562864,TRUE
"20","MPI",1,2,0.00706647527034816,-0.0182733169862656,-2.58591678130436,-141.51326676202,63.7864703855692,0.0103256668561537,2,0.684360184072455,-2.58591678130436,TRUE
"201","Roris_nostd",2,3,0.00354313554601427,-0.0116242017043206,-3.28076686690601,-282.235885986613,54.7765382007435,0.00401460568537661,1.5,0.882561283395852,-3.28076686690601,TRUE
"203","Roris_nostd",10,20,0.00409440058582899,-0.010000024878746,-2.44236602382208,-244.235994753681,63.3345801926574,0.00239250541741435,2,1.71134433219128,-2.44236602382208,TRUE
"204","Roris_smiley",9,10,0.000367138947787093,-0.000639645870877537,-1.74224465895804,-2723.76441134191,36.7560791558803,0.00034228041531638,1.11111111111111,1.07262621920023,-1.74224465895804,TRUE
"206","Roris_smiley",2,3,0.000952374204369936,-0.00466350580719269,-4.89671579279905,-1050.00743973486,31.4477996424473,0.00378852213725904,1.5,0.251384093814209,-4.89671579279905,TRUE
"209","Roris_smiley",1,14,0.00684635003195538,-0.0112667499236381,-1.64565788647242,-146.06323009085,24.2195777720803,0.0197933246677468,14,0.345891867428998,-1.64565788647242,TRUE
"21","MPI",1,2,0.0158450366593378,-0.0257704090800406,-1.62640261642144,-63.1112455906298,59.5662374013641,0.0107255725579705,2,1.47731382858092,-1.62640261642144,TRUE
"211","Roris_smiley",10,12,0.000271286351297693,-0.000292280506017191,-1.07738743441781,-3686.14195007054,31.349234783038,0.000527658543179053,1.2,0.514132396422957,-1.07738743441781,TRUE
"213","Roris_smiley",1,4,0.0055220938466464,-0.0253759539748484,-4.59535000301731,-181.090728946468,38.7088249053952,0.0156503642961249,4,0.352841233734967,-4.59535000301731,TRUE
"214","Roris_smiley",1,1,NA,NA,-2.63905732959092,NA,60.7832064307125,0,1,NA,-2.63905732959092,NA
"216","Roris_smiley",1,20,0.0141201904086009,-0.0261191942262717,-1.84977634652589,-70.8205747275815,40.8019951063287,0.0210669858966522,20,0.670252046394769,-1.84977634652589,TRUE
"217","Roris_smiley",1,2,0.0051381324898675,-0.0152861527640956,-2.97504059971989,-194.62324141544,45.2458552082311,0.0104955271581054,2,0.489554494258962,-2.97504059971989,TRUE
"218","Roris_smiley",1,4,0.00932588335334772,-0.0249974321098477,-2.68043585392631,-107.228448192099,48.3633710738303,0.0161037413079161,4,0.579112839372513,-2.68043585392631,TRUE
"219","Roris_smiley",1,5,0.00386411808018284,-0.0203529071466359,-5.26715455488175,-258.791263426578,43.5058679892124,0.0162534444175722,5,0.23774148918276,-5.26715455488175,TRUE
"22","MPI",1,4,0.00618351420279304,-0.00729698441907885,-1.18007077848756,-161.720336883565,33.4566859773521,0.0149088092259808,4,0.414755739983401,-1.18007077848756,TRUE
"222","Roris_smiley",1,20,0.0148972042165513,-0.0339932321113907,-2.28185313279273,-67.1266893749744,45.2023629839954,0.0200751693740533,20,0.742071159599064,-2.28185313279273,TRUE
"224","Roris_smiley",5,20,0.00713307240359199,-0.00945485006770636,-1.32549475636126,-140.192043963613,49.5460526789039,0.00651146589682162,4,1.09546337439528,-1.32549475636126,TRUE
"225","Roris_smiley",2,6,0.00416905282124137,-0.0114193901181475,-2.73908501709682,-239.862636161621,38.0770803994627,0.00767775283475625,3,0.543004302296445,-2.73908501709682,TRUE
"23","MPI",1,3,0.00682849883568215,-0.00177335431372536,-0.259698999208836,-146.445071466444,25.6146589500824,0.0137646261409145,3,0.496090396192081,-0.259698999208836,TRUE
"231","Roris_smiley",9,10,0.000137560557694958,0.000536948083403275,3.9033578549017,-7269.5256311588,23.8083392043997,0.000287999274058826,1.11111111111111,0.477642029288104,3.9033578549017,TRUE
"232","Roris_smiley",1,20,0.0284924459086648,-0.050081791193639,-1.7577217257578,-35.097021968756,65.2395607516192,0.0211747929962312,20,1.34558320894736,-1.7577217257578,TRUE
"235","Roris_smiley",2,19,0.00711908969964565,-0.0180512505921994,-2.5356121855155,-140.467397123789,42.0780352998531,0.0104976444553492,9.5,0.678160679753071,-2.5356121855155,TRUE
"236","Roris_smiley",1,1,NA,NA,-3.08452777233712,NA,59.498874841965,0,1,NA,-3.08452777233712,NA
"238","Roris_smiley",2,3,0.00435071850268098,-0.0106171023797759,-2.4403101173366,-229.847092930463,35.6715165477531,0.00398952418008758,1.5,1.09053568954318,-2.4403101173366,TRUE
"24","MPI",2,3,0.00494586433135372,-0.0106187758132763,-2.14700102992309,-202.18912873542,50.2256045431727,0.00399319319658884,1.5,1.23857376487035,-2.14700102992309,TRUE
"240","Roris_smiley",1,12,0.0133707448909989,-0.0285689928158782,-2.13667922384121,-74.7901488026442,51.7891323216997,0.0187065451424994,12,0.714762923305483,-2.13667922384121,TRUE
"242","Roris_smiley",1,3,0.0091925592779517,-0.0290617821708864,-3.16144626236906,-108.783633563125,37.2294641757099,0.0134314875297377,3,0.68440366397237,-3.16144626236906,TRUE
"247","Roris_smiley",1,3,0.00915025566865864,-0.0299637691604427,-3.27463737030587,-109.286563808833,45.8242768779491,0.0134694272780452,3,0.679335169920204,-3.27463737030587,TRUE
"249","Roris_smiley",1,1,NA,NA,-2.12823170148074,NA,33.8552475006016,0,1,NA,-2.12823170148074,NA
"25","MPI",1,1,NA,NA,-1.42711635564007,NA,62.9246036078647,0,1,NA,-1.42711635564007,NA
"250","Roris_smiley",1,2,0.00698573813776505,-0.0190452528296984,-2.72630500229308,-143.14879548576,30.9936514790713,0.012093716658066,2,0.577633686589297,-2.72630500229308,TRUE
"251","Roris_smiley",1,6,0.0132885143562451,-0.045348928839477,-3.41264099384929,-75.2529570418107,47.8073427473367,0.0172018409162738,6,0.772505362706473,-3.41264099384929,TRUE
"252","Roris_smiley",1,20,0.0107590883488396,-0.0353455557297473,-3.2851812889481,-92.9446777995698,44.6705582126844,0.0193644829000876,20,0.555609380552625,-3.2851812889481,TRUE
"254","Roris_smiley",1,3,0.00513736594172902,-0.0142582474958115,-2.77540040120497,-194.652281216207,34.2254252033313,0.0135509199778658,3,0.379115657838762,-2.77540040120497,TRUE
"256","Roris_smiley",1,1,NA,NA,-2.42480272571814,NA,71.3560025327448,0,1,NA,-2.42480272571814,NA
"257","Roris_smiley",4,10,0.00229241599144138,0.00245214681420668,1.0696779395021,-436.221001656528,26.8836494469607,0.0040721379166336,2.5,0.562951461461427,1.0696779395021,TRUE
"258","Roris_smiley",1,2,0.00247438140984268,-0.0084614254360248,-3.41961243418926,-404.141413293102,20.7503991506859,0.0103585337348086,2,0.238873712553334,-3.41961243418926,TRUE
"259","Roris_smiley",1,20,0.00733777337375067,-0.0271136519589646,-3.69507895350897,-136.281123586794,43.1746436834198,0.0190858080977867,20,0.384462284025669,-3.69507895350897,TRUE
"26","MPI",3,4,0.00268880835192907,-0.00203236532343083,-0.755860982792888,-371.911965864936,57.0302095973778,0.00216724294011527,1.33333333333333,1.24065848925366,-0.755860982792888,TRUE
"261","Roris_smiley",2,20,0.0133596668726896,-0.0126267731361149,-0.945141316504458,-74.8521658159187,35.7912554029357,0.0108698680530766,10,1.22905510972678,-0.945141316504458,TRUE
"262","Roris_smiley",1,1,NA,NA,-1.96944064638106,NA,38.4340656344584,0,1,NA,-1.96944064638106,NA
"263","Roris_smiley",10,12,0.000527422623490579,-0.00171301810611022,-3.24790410918128,-1896.01271439935,50.0411917283867,0.000610273734392202,1.2,0.864239428583408,-3.24790410918128,TRUE
"264","Roris_smiley",2,3,0.00368031001227497,-0.00851966418153985,-2.31493112078171,-271.716240388633,52.164651387012,0.0043239314992218,1.5,0.851149009399741,-2.31493112078171,TRUE
"265","Roris_smiley",7,8,0.0004068583800337,-0.000793854438589752,-1.95118124032249,-2457.85769465328,33.1559192030041,0.000528532205988378,1.14285714285714,0.769789192453954,-1.95118124032249,TRUE
"266","Roris_smiley",8,9,0.000819883921688062,-0.00143216318150831,-1.74678773863454,-1219.68485238873,58.5288320925435,0.000530999586905463,1.125,1.54403871849721,-1.74678773863454,TRUE
"267","Roris_smiley",1,2,0.00435583013022479,-0.0168253512334946,-3.86271978715256,-229.577364154096,34.7624660709169,0.0103096222487606,2,0.422501428774312,-3.86271978715256,TRUE
"268","Roris_smiley",2,4,0.00891779021592136,-0.0188486137260703,-2.1135968967311,-112.135403030075,56.5215276049805,0.00644417418993962,2,1.38385306682793,-2.1135968967311,TRUE
"269","Roris_smiley",1,3,0.004917869978587,-0.0207460091814028,-4.21849485076535,-203.340064774815,47.337332540711,0.0135544259231351,3,0.362823922346503,-4.21849485076535,TRUE
"27","MPI",1,20,0.0361277602320306,-0.0271113028675969,-0.750428553928462,-27.6795459662459,68.1817899928954,0.0221397002903579,20,1.63180891151289,-0.750428553928462,TRUE
"270","Roris_smiley",2,4,0.0065458131751005,-0.0128214610941489,-1.95872701392093,-152.769407444117,37.581804676444,0.00596292297416018,2,1.09775242837552,-1.95872701392093,TRUE
"271","Roris_smiley",1,15,0.0134952596713176,-0.0104077193768943,-0.771212976287855,-74.10009324425,25.5906907134985,0.0201837131334591,15,0.668621258243415,-0.771212976287855,TRUE
"272","Roris_smiley",6,7,0.000260593059454159,0.000423503745137387,1.62515358630219,-3837.40074311499,23.5616190258258,0.00050551346801308,1.16666666666667,0.515501714481357,1.62515358630219,TRUE
"273","Roris_smiley",1,13,0.00939570987970761,-0.00560632079048225,-0.596689431906631,-106.431553634894,27.1005644156606,0.0178779195274559,13,0.52554828123475,-0.596689431906631,TRUE
"274","Roris_smiley",1,14,0.00407103670178637,-0.0112898295730137,-2.77320751445442,-245.637677390921,31.9136206706464,0.0181286869854147,14,0.224563240849251,-2.77320751445442,TRUE
"28","MPI",1,1,NA,NA,-2.49320545260181,NA,72.6686847844095,0,1,NA,-2.49320545260181,NA
"29","MPI",5,6,0.00181737620471988,-0.00238791988881592,-1.31393812828312,-550.243806099648,71.7451235602726,0.00103378533802106,1.2,1.75798218245077,-1.31393812828312,TRUE
"3","MPI",1,2,0.0117211383729369,-0.0201592908216671,-1.71990895254791,-85.3159452761781,48.1469068430556,0.0107585768245616,2,1.08946922665252,-1.71990895254791,TRUE
"30","MPI",5,18,0.00420921797961064,0.00330666286563396,0.785576532660309,-237.573821276061,52.4217564755516,0.00413311104642773,3.6,1.01841395799145,0.785576532660309,TRUE
"31","MPI",1,2,0.00973917258399604,-0.0110429230678205,-1.13386665782747,-102.678127056015,28.3874120232511,0.0105607875623523,2,0.922201353497048,-1.13386665782747,TRUE
"32","MPI",5,7,0.00291656071641083,-0.00674158425180095,-2.31148428142351,-342.869597870267,66.8421185858101,0.00206009029936231,1.4,1.41574411437869,-2.31148428142351,TRUE
"33","MPI",1,8,0.0194148250736955,-0.0299952469508825,-1.54496611929417,-51.5070311581055,54.218369826648,0.0172569659212888,8,1.12504278922778,-1.54496611929417,TRUE
"34","MPI",1,20,0.0108553194250608,-0.0408967061033401,-3.76743460988582,-92.1207346226382,49.8220389835677,0.0189498111566755,20,0.572845783808079,-3.76743460988582,TRUE
"35","MPI",3,4,0.000763876087615916,0.00070477811276989,0.922634081883001,-1309.11284724337,29.1947167068482,0.00150210233115994,1.33333333333333,0.508537981580817,0.922634081883001,TRUE
"36","MPI",1,1,NA,NA,-1.38629436111969,NA,52.0402423538188,0,1,NA,-1.38629436111969,NA
"37","MPI",2,4,0.010551626851404,-0.0229978263156575,-2.17955265472617,-94.7721156256525,76.9273012070236,0.00659063029545702,2,1.60100421027672,-2.17955265472617,TRUE
"38","MPI",1,20,0.0292821879550052,-0.0341257640068758,-1.1654103190415,-34.1504535636679,62.0515195210824,0.0211662220450556,20,1.3834395147454,-1.1654103190415,TRUE
"39","MPI",10,20,-0.00395594739059411,0.0128644371392517,-3.25192321056617,252.783948132793,51.6487849123416,0.00329736097488246,2,1.19973136721409,-3.25192321056617,FALSE
"4","MPI",2,4,0.0045710319243898,-0.00517390903285027,-1.13189081118503,-218.768981827554,34.1179779519573,0.00580628475915236,2,0.787255898392608,-1.13189081118503,TRUE
"40","MPI",1,1,NA,NA,-2.26176309847379,NA,35.1212666650264,0,1,NA,-2.26176309847379,NA
"41","MPI",1,2,0.0197815639363357,-0.0339673681832156,-1.71712248296115,-50.5521203085036,72.6215215715988,0.0111363494432027,2,1.77630596428615,-1.71712248296115,TRUE
"42","MPI",1,2,0.0100496591319015,-0.0117599913229393,-1.17018807987313,-99.5058625247906,45.9327097415949,0.0108364746623781,2,0.927391928187842,-1.17018807987313,TRUE
"43","MPI",10,20,-0.00475655206695326,0.0152119908079035,-3.19811295950921,210.236319486047,61.4688871336576,0.00318894291690309,2,1.49157642231255,-3.19811295950921,FALSE
"44","MPI",1,2,0.0218395938813369,-0.0201848167580839,-0.924230407751903,-45.7883972308915,52.6676342441152,0.0116634871300063,2,1.8724754987855,-0.924230407751903,TRUE
"45","MPI",1,2,0.00580395620440503,-0.00632585310080032,-1.08992088810029,-172.296269093318,36.7372352556449,0.0103419991633718,2,0.561202540506953,-1.08992088810029,TRUE
"46","MPI",2,3,0.00720740398165276,-0.0171814583496755,-2.38386226072699,-138.746211887888,75.5786543562629,0.00420263681139541,1.5,1.71497188672358,-2.38386226072699,TRUE
"48","MPI",1,2,0.0108202670297851,-0.0217126040160481,-2.00666064490641,-92.4191609363511,72.0062575216897,0.0101322022987037,2,1.06790870442544,-2.00666064490641,TRUE
"49","MPI",1,14,0.040044349362353,-0.0579579431705213,-1.44734385983081,-24.9723123467735,71.7881302786024,0.0204684156463564,14,1.95639711711059,-1.44734385983081,TRUE
"5","MPI",1,20,0.0127176401895644,0.00783092487361072,0.615752982226723,-78.6309397887007,25.5517320837081,0.0177575441279039,20,0.71618237848443,0.615752982226723,TRUE
"50","MPI",1,3,0.0128554250138871,-0.0236908355203721,-1.84286676595912,-77.7881710577245,66.5825431487491,0.0136285387359286,3,0.943272441967434,-1.84286676595912,TRUE
"51","MPI",4,6,0.000900302876236279,-0.00193237617448786,-2.14636232482803,-1110.73731562483,36.6057037502691,0.00201565011626723,1.5,0.446656326398325,-2.14636232482803,TRUE
"52","MPI",1,1,NA,NA,-1.84582669049742,NA,72.10205202973,0,1,NA,-1.84582669049742,NA
"53","MPI",1,4,0.0173688923453499,-0.0136022162431121,-0.783136654465692,-57.5741952979358,44.9233437708147,0.0162768571572096,4,1.06709128043534,-0.783136654465692,TRUE
"55","MPI",1,2,0.0110399513102235,-0.0220503239576658,-1.99732076148254,-90.5801096309141,40.6317354562578,0.0110906316834994,2,0.99543034385036,-1.99732076148254,TRUE
"57","MPI",2,4,0.00456719922976012,0.00111281311648519,0.24365328957713,-218.952568016728,27.9754909163999,0.00514686919103391,2,0.887374258066709,0.24365328957713,TRUE
"58","MPI",1,4,0.015907448944334,-0.0175791173670285,-1.10508714681683,-62.8636309630392,64.1257377345174,0.0152922937721366,4,1.04022648147907,-1.10508714681683,TRUE
"59","MPI",1,3,0.021484216010811,-0.0322185137836724,-1.4996364664859,-46.5457989947966,51.7322630169204,0.0151340322177876,3,1.41959629143381,-1.4996364664859,TRUE
"6","MPI",4,13,0.00402313637070359,-0.00483693927848467,-1.20228071653429,-248.562292663501,69.2085564239259,0.0048736767796123,3.25,0.825482803359731,-1.20228071653429,TRUE
"60","MPI",1,2,0.00882457016607613,-0.0136454787077458,-1.54630519684715,-113.319966998988,56.5733963255103,0.0101753222832632,2,0.86725215383017,-1.54630519684715,TRUE
"61","MPI",1,1,NA,NA,-1.791759469228,NA,42.1913991922641,0,1,NA,-1.791759469228,NA
"62","MPI",1,2,0.0114614642512064,-0.0252526861044204,-2.2032687578956,-87.2488870603722,43.8310231236587,0.0100137096973541,2,1.14457724435879,-2.2032687578956,TRUE
"63","MPI",10,20,-0.00413819236191253,0.0133674257372253,-3.230257215749,241.651405382672,48.6820955053062,0.00318240024212124,2,1.30033686748157,-3.230257215749,FALSE
"64","MPI",1,3,0.00880345251143758,-0.0154398812369427,-1.753843871695,-113.591798070221,64.980262718434,0.0134447413083095,3,0.654787794689411,-1.753843871695,TRUE
"65","MPI",1,1,NA,NA,-3.3019907315785,NA,53.8420865502577,0,1,NA,-3.3019907315785,NA
"66","MPI",4,5,0.00203803594832246,-0.00296725606183584,-1.45593902025047,-490.668479534483,67.7870580179111,0.00161547914515989,1.25,1.2615674763915,-1.45593902025047,TRUE
"67","MPI",1,6,0.0108580229445682,-0.00681011869443308,-0.627196933474884,-92.0977976474309,54.6923252861077,0.0162088719182393,6,0.669881469810985,-0.627196933474884,TRUE
"68","MPI",1,20,0.027109830062378,-0.0370843008740068,-1.36792819389418,-36.8869888781694,41.1440004260972,0.020740754850963,20,1.30708020306789,-1.36792819389418,TRUE
"69","MPI",4,5,0.00206037609627883,-0.00377172664953915,-1.83060105208516,-485.348282678131,68.5982614902328,0.00130646074166684,1.25,1.57706697994623,-1.83060105208516,TRUE
"7","MPI",1,15,0.0376475601204383,-0.0397753703612304,-1.05651920692829,-26.5621463064512,45.9961118930833,0.0218791101559419,15,1.72070801107119,-1.05651920692829,TRUE
"70","MPI",1,3,0.010231178277786,-0.0227652951524153,-2.2250902617779,-97.7404530396273,70.2913539120199,0.0136701810691014,3,0.748430340905397,-2.2250902617779,TRUE
"71","MPI",1,2,0.00650485318096139,-0.0123960370373711,-1.90565977317554,-153.731371359285,53.2595192544557,0.01096581143751,2,0.593193966358992,-1.90565977317554,TRUE
"72","MPI",1,2,0.0171125707714768,-0.0172158761227128,-1.00603681075249,-58.4365735197893,53.7977191239489,0.00984741879082399,2,1.73777221574273,-1.00603681075249,TRUE
"73","MPI",1,1,NA,NA,-1.90954250487249,NA,49.6833220497723,0,1,NA,-1.90954250487249,NA
"74","MPI",10,17,0.00293218599597215,-0.0071840253874428,-2.45005787399274,-341.042485495009,73.1021773526555,0.0021134250119163,1.7,1.387409526924,-2.45005787399274,TRUE
"75","MPI",1,2,0.0109367689456595,-0.0117931602705769,-1.07830386919322,-91.4346828545618,61.5255365606142,0.0104137853014553,2,1.05022032133995,-1.07830386919322,TRUE
"76","MPI",10,12,0.000519642504679875,-0.000481255763924536,-0.926128558750238,-1924.39993071015,68.910387702418,0.000587407426597326,1.2,0.884637274148895,-0.926128558750238,TRUE
"77","MPI",1,2,0.0150205480270525,-0.0250631293508229,-1.66858954185182,-66.5754670334907,70.0680008446736,0.00977906039571845,2,1.5359909254297,-1.66858954185182,TRUE
"78","MPI",1,2,0.0089500594846725,-0.00678809352224935,-0.758441162751416,-111.731100973414,43.0127135279758,0.0105964718029382,2,0.844626367258468,-0.758441162751416,TRUE
"79","MPI",3,4,0.00133553319275776,-0.000269009097786996,-0.201424494161403,-748.764617324923,31.0743058071999,0.00178133323541803,1.33333333333333,0.749737986247333,-0.201424494161403,TRUE
"8","MPI",2,10,0.00729957820749994,0.000307449819188445,0.0421188472057955,-136.994216867565,57.2469035168579,0.00878544237831747,5,0.830872014540253,0.0421188472057955,TRUE
"80","MPI",1,3,0.0193643828973233,-0.0582763695726723,-3.00946174642765,-51.6412015452467,72.0573224252994,0.0132715441032738,3,1.45909042283531,-3.00946174642765,TRUE
"81","MPI",1,1,NA,NA,-1.6784307832026,NA,79.4604515526471,0,1,NA,-1.6784307832026,NA
"82","MPI",1,1,NA,NA,-2.42774823594788,NA,43.64747225953,0,1,NA,-2.42774823594788,NA
"83","MPI",10,20,-0.00492643459566874,0.0147428644272087,-2.99260329979219,202.986557637279,69.5111605819913,0.00334330084101455,2,1.47352416965677,-2.99260329979219,FALSE
"84","MPI",1,4,0.016563639150435,-0.0305583049194123,-1.84490284060612,-60.3732060882126,75.2846505064388,0.0153893815830817,4,1.07630310295537,-1.84490284060612,TRUE
"85","MPI",1,1,NA,NA,-1.70474808419335,NA,35.4871957105881,0,1,NA,-1.70474808419335,NA
"86","MPI",1,2,0.0193233082186244,-0.0226795638036934,-1.17368949183526,-51.7509729020504,61.3771221056506,0.011025225183381,2,1.75264522014042,-1.17368949183526,TRUE
"87","MPI",1,2,0.0184098974558617,-0.01402635129915,-0.761891875431608,-54.3186078248144,60.0528074538627,0.0115612721995507,2,1.59237643903732,-0.761891875431608,TRUE
"88","MPI",10,14,-0.0018163523666877,0.00725902551454435,-3.99648528979093,550.553966477109,36.8849240610559,0.00206688521519694,1.4,0.878787246303194,-3.99648528979093,FALSE
"9","MPI",1,1,NA,NA,-2.58189891576824,NA,67.138313810826,0,1,NA,-2.58189891576824,NA
"91","MPI",1,1,NA,NA,-0.780158557548963,NA,45.5740844459934,0,1,NA,-0.780158557548963,NA
"92","MPI",1,2,0.00485371003484218,-0.00730091463891088,-1.50419258392066,-206.027964757173,44.2223153342946,0.0093394815759738,2,0.519698014858614,-1.50419258392066,TRUE
"93","MPI",1,4,0.0200614209961049,-0.0277810521325672,-1.38479981741877,-49.8469176333101,68.8625481892901,0.0152648402274192,4,1.31422410567193,-1.38479981741877,TRUE
"95","MPI",1,4,0.022685581426853,-0.0363931419958069,-1.6042410953033,-44.08086269353,68.1861176395178,0.0166798880387127,4,1.36005597724646,-1.6042410953033,TRUE
"96","MPI",8,9,0.000486718955238538,-0.000183850889295869,-0.377735215193672,-2054.57377247596,70.5176021481406,0.000412320420580076,1.125,1.18043863690717,-0.377735215193672,TRUE
"97","MPI",1,2,0.019510475599292,-0.0310122626869639,-1.58951853988066,-51.2545168317827,59.6659216643808,0.0109187103727857,2,1.7868846166962,-1.58951853988066,TRUE
"98","MPI",1,1,NA,NA,-1.65822807658741,NA,67.9504819102014,0,1,NA,-1.65822807658741,NA
"99","MPI",6,7,0.000850702512015482,-0.000457326367367745,-0.537586713226283,-1175.49905622214,69.1072024572743,0.000655931138903143,1.16666666666667,1.29693875097627,-0.537586713226283,TRUE
